,dailyperformance,dailyutilization
0,1.0,0.03611111111111111
1,1.0,0.38958333333333334
2,0.9910714285714286,0.4215277777777778
3,1.0,0.6166666666666667
4,0.9333333333333333,0.6645833333333333
5,0.896969696969697,0.8166666666666667
6,0.9821428571428571,0.5520833333333334
7,1.0,0.20277777777777778
8,1.0,0.8166666666666667
9,1.0,1.0118055555555556
10,1.0,0.7868055555555555
11,0.9703703703703703,0.7326388888888888
12,0.9151515151515152,1.1041666666666667
13,1.0,0.47708333333333336
14,1.0,0.24513888888888888
15,1.0,0.7770833333333333
16,1.0,0.8923611111111112
17,1.0,0.6465277777777778
18,1.0,1.0902777777777777
19,0.9333333333333333,1.0819444444444444
20,0.9732142857142857,0.6791666666666667
21,1.0,0.17916666666666667
22,1.0,0.7701388888888889
23,0.9910714285714286,1.0854166666666667
24,1.0,0.6583333333333333
25,0.9925925925925926,1.1659722222222222
26,0.9090909090909091,0.99375
27,1.0,0.5583333333333333
28,1.0,0.14583333333333334
29,1.0,0.7111111111111111
30,1.0,0.8576388888888888
31,1.0,0.7743055555555556
32,1.0,1.354861111111111
33,0.9855072463768116,0.9770833333333333
34,1.0,0.4354166666666667
35,1.0,0.18194444444444444
36,1.0,0.5888888888888889
37,1.0,1.2090277777777778
38,1.0,0.5840277777777778
39,0.9642857142857143,0.9284722222222223
40,0.9782608695652174,1.5618055555555554
41,0.9893617021276596,0.5465277777777777
42,1.0,0.13402777777777777
43,1.0,0.7506944444444444
44,1.0,1.054861111111111
45,1.0,0.6402777777777777
46,1.0,0.7736111111111111
47,0.9420289855072463,1.1854166666666666
48,1.0,0.54375
49,1.0,0.1423611111111111
50,1.0,0.6555555555555556
51,1.0,1.3104166666666666
52,1.0,0.9881944444444445
53,0.9821428571428571,0.7284722222222222
54,0.8478260869565217,0.9451388888888889
55,1.0,0.44166666666666665
56,1.0,0.21666666666666667
57,1.0,0.6430555555555556
58,1.0,1.1680555555555556
59,0.9642857142857143,1.14375
60,0.9481481481481482,0.6180555555555556
61,0.9454545454545454,1.3958333333333333
62,0.9732142857142857,0.5465277777777777
63,1.0,0.19375
64,1.0,0.66875
65,0.9910714285714286,1.211111111111111
66,1.0,0.9631944444444445
67,0.9407407407407408,1.4027777777777777
68,0.896969696969697,0.7513888888888889
69,1.0,0.5534722222222223
70,1.0,0.19166666666666668
71,1.0,0.5979166666666667
72,0.9732142857142857,1.2784722222222222
73,1.0,0.8861111111111111
74,0.9555555555555556,0.7020833333333333
75,0.8181818181818182,0.8534722222222222
76,0.9017857142857143,0.4652777777777778
77,1.0,0.1909722222222222
78,1.0,0.7618055555555555
79,0.9642857142857143,1.3902777777777777
80,0.9732142857142857,0.5090277777777777
81,0.9777777777777777,1.0368055555555555
82,0.8848484848484849,1.25625
83,0.9821428571428571,0.5798611111111112
84,1.0,0.2520833333333333
85,1.0,0.8895833333333333
86,0.9694656488549618,1.0479166666666666
87,0.9923664122137404,0.5770833333333333
88,0.9113924050632911,1.1194444444444445
89,0.8549222797927462,0.6680555555555555
90,0.9923664122137404,0.49027777777777776
91,1.0,0.25972222222222224
92,1.0,0.7270833333333333
93,1.0,1.0125
94,1.0,0.9826388888888888
95,0.879746835443038,0.9652777777777778
96,0.7927461139896373,0.7041666666666667
97,0.9236641221374046,0.5361111111111111
98,1.0,0.2777777777777778
99,1.0,0.7131944444444445
100,0.9923664122137404,1.2270833333333333
101,0.9389312977099237,0.6479166666666667
102,0.879746835443038,1.0090277777777779
103,0.8704663212435233,0.6166666666666667
104,1.0,0.4986111111111111
105,1.0,0.18194444444444444
106,1.0,0.7965277777777777
107,1.0,0.9944444444444445
108,1.0,0.925
109,0.8987341772151899,1.0194444444444444
110,0.8238341968911918,0.6534722222222222
111,1.0,0.6756944444444445
112,1.0,0.30486111111111114
113,1.0,0.8930555555555556
114,0.9112426035502958,1.0618055555555554
115,0.893491124260355,0.6631944444444444
116,0.8366336633663366,0.6868055555555556
117,0.6733870967741935,0.5833333333333334
118,0.8698224852071006,0.5555555555555556
119,1.0,0.28888888888888886
120,1.0,1.0055555555555555
121,0.893491124260355,0.99375
122,0.8816568047337278,0.63125
123,0.801980198019802,0.6694444444444444
124,0.7540322580645161,0.59375
125,0.8698224852071006,0.5611111111111111
126,1.0,0.26319444444444445
127,1.0,1.0534722222222221
128,0.9230769230769231,0.8298611111111112
129,0.8402366863905325,0.7631944444444444
130,0.801980198019802,0.66875
131,0.7580645161290323,0.55
132,0.8520710059171598,0.5826388888888889
133,1.0,0.24513888888888888
134,1.0,0.9375
135,0.9467455621301775,1.1784722222222221
136,0.8047337278106509,0.5340277777777778
137,0.7772277227722773,0.8354166666666667
138,0.6774193548387096,0.6069444444444444
139,0.9112426035502958,0.6
140,1.0,0.175
141,1.0,0.7263888888888889
142,1.0,0.7763888888888889
143,1.0,1.2395833333333333
144,0.9703703703703703,0.8625
145,0.9212121212121213,0.6645833333333333
146,1.0,0.5458333333333333
147,1.0,0.18819444444444444
148,1.0,0.69375
149,1.0,1.25
150,1.0,0.7208333333333333
151,0.9407407407407408,1.0555555555555556
152,0.8848484848484849,0.8909722222222223
153,0.9732142857142857,0.46319444444444446
154,1.0,0.24861111111111112
155,1.0,0.5034722222222222
156,1.0,1.1513888888888888
157,1.0,0.725
158,0.9555555555555556,1.10625
159,0.8545454545454545,0.99375
160,1.0,0.4847222222222222
161,1.0,0.18819444444444444
162,1.0,0.7423611111111111
163,1.0,1.0805555555555555
164,1.0,0.6902777777777778
165,0.9851851851851852,0.8180555555555555
166,0.9333333333333333,1.2715277777777778
167,0.9910714285714286,0.5104166666666666
168,1.0,0.07569444444444444
169,1.0,0.7048611111111112
170,1.0,0.8590277777777777
171,1.0,0.60625
172,1.0,0.7486111111111111
173,1.0,1.3263888888888888
174,1.0,0.33402777777777776
175,1.0,0.18194444444444444
176,1.0,0.49166666666666664
177,1.0,1.0020833333333334
178,1.0,0.6048611111111111
179,0.9888888888888889,1.6076388888888888
180,1.0,1.4222222222222223
181,1.0,0.35138888888888886
182,1.0,0.12083333333333333
183,1.0,0.6125
184,1.0,1.2694444444444444
185,1.0,0.5784722222222223
186,1.0,0.9006944444444445
187,1.0,0.7465277777777778
188,1.0,0.37430555555555556
189,1.0,0.1486111111111111
190,1.0,0.40694444444444444
191,1.0,1.4229166666666666
192,1.0,0.8229166666666666
193,1.0,1.1145833333333333
194,1.0,1.275
195,1.0,0.38958333333333334
196,1.0,0.3798611111111111
197,1.0,2.0347222222222223
198,0.8563829787234043,2.1333333333333333
199,0.8191489361702128,1.1277777777777778
200,0.7111111111111111,0.6506944444444445
201,0.6472727272727272,0.6361111111111111
202,0.9095744680851063,0.5263888888888889
203,1.0,0.2465277777777778
204,0.992,1.0048611111111112
205,0.824468085106383,0.8576388888888888
206,0.7978723404255319,0.5847222222222223
207,0.7644444444444445,0.6381944444444444
208,0.64,0.6472222222222223
209,0.8670212765957447,0.5409722222222222
210,1.0,0.22013888888888888
211,0.96,1.0027777777777778
212,0.824468085106383,0.9493055555555555
213,0.8085106382978723,0.6958333333333333
214,0.6755555555555556,0.6520833333333333
215,0.5745454545454546,0.6243055555555556
216,0.8351063829787234,0.5888888888888889
217,1.0,0.2590277777777778
218,0.976,1.0444444444444445
219,0.8031914893617021,0.9041666666666667
220,0.8031914893617021,0.6770833333333334
221,0.7377777777777778,0.6451388888888889
222,0.6254545454545455,0.6173611111111111
223,0.8191489361702128,0.5895833333333333
224,1.0,0.3458333333333333
225,0.96,0.83125
226,0.851063829787234,0.9770833333333333
227,0.8829787234042553,0.6888888888888889
228,0.7066666666666667,0.6215277777777778
229,0.6145454545454545,0.6701388888888888
230,0.8297872340425532,0.54375
231,1.0,0.2826388888888889
232,0.944,0.89375
233,0.898936170212766,1.0590277777777777
234,0.8457446808510638,0.6541666666666667
235,0.7555555555555555,0.6034722222222222
236,0.6581818181818182,0.64375
237,0.851063829787234,0.5166666666666667
238,1.0,0.32013888888888886
239,0.984,0.9138888888888889
240,0.8670212765957447,0.9534722222222223
241,0.8138297872340425,0.6201388888888889
242,0.7022222222222222,0.6527777777777778
243,0.6472727272727272,0.6347222222222222
244,0.7978723404255319,0.5201388888888889
245,1.0,0.26666666666666666
246,1.0,0.8895833333333333
247,0.851063829787234,0.9729166666666667
248,0.8191489361702128,0.6986111111111111
249,0.7155555555555555,0.63125
250,0.6654545454545454,0.5875
251,0.8351063829787234,0.6138888888888889
252,1.0,0.12638888888888888
253,1.0,0.7333333333333333
254,1.0,0.89375
255,0.9910714285714286,1.0541666666666667
256,0.9407407407407408,0.8180555555555555
257,0.9212121212121213,0.7090277777777778
258,1.0,0.40625
259,1.0,0.2
260,1.0,0.7652777777777777
261,1.0,1.1541666666666666
262,0.9821428571428571,0.88125
263,0.9703703703703703,0.6076388888888888
264,0.8606060606060606,1.3402777777777777
265,0.9821428571428571,0.5694444444444444
266,1.0,0.2013888888888889
267,1.0,0.7673611111111112
268,1.0,0.9576388888888889
269,0.9553571428571429,1.49375
270,0.9777777777777777,0.7152777777777778
271,0.9333333333333333,0.7631944444444444
272,1.0,0.425
273,1.0,0.18194444444444444
274,1.0,0.8784722222222222
275,1.0,1.275
276,1.0,0.6888888888888889
277,0.9111111111111111,0.6680555555555555
278,0.9454545454545454,1.13125
279,1.0,0.5333333333333333
280,1.0,0.3215277777777778
281,1.0,0.9805555555555555
282,0.9466666666666667,1.2013888888888888
283,0.9133333333333333,0.6826388888888889
284,0.9,0.7472222222222222
285,0.7318181818181818,0.6409722222222223
286,0.9666666666666667,0.6201388888888889
287,1.0,0.21180555555555555
288,0.99,1.0680555555555555
289,0.9133333333333333,0.9659722222222222
290,0.9466666666666667,0.6034722222222222
291,0.8666666666666667,0.7722222222222223
292,0.740909090909091,0.6847222222222222
293,0.9733333333333334,0.5666666666666667
294,1.0,0.2326388888888889
295,1.0,1.0576388888888888
296,0.8666666666666667,1.020138888888889
297,0.9866666666666667,0.6972222222222222
298,0.7555555555555555,0.7506944444444444
299,0.7227272727272728,0.6361111111111111
300,0.9666666666666667,0.6340277777777777
301,1.0,0.26944444444444443
302,1.0,0.6902777777777778
303,0.92,1.2166666666666666
304,0.9,0.5923611111111111
305,0.8722222222222222,0.8618055555555556
306,0.7136363636363636,0.6277777777777778
307,0.9266666666666666,0.6034722222222222
308,1.0,0.28958333333333336
309,0.96,0.9861111111111112
310,0.8404255319148937,1.0673611111111112
311,0.8457446808510638,0.6791666666666667
312,0.7822222222222223,0.6048611111111111
313,0.6981818181818182,0.6534722222222222
314,0.7872340425531915,0.5180555555555556
315,1.0,0.33055555555555555
316,0.944,0.9777777777777777
317,0.8351063829787234,0.8673611111111111
318,0.8191489361702128,0.6708333333333333
319,0.7911111111111111,0.575
320,0.6145454545454545,0.5618055555555556
321,0.8031914893617021,0.5847222222222223
322,1.0,0.27847222222222223
323,0.984,0.7777777777777778
324,0.8351063829787234,1.0125
325,0.8351063829787234,0.6416666666666667
326,0.72,0.6409722222222223
327,0.6181818181818182,0.6736111111111112
328,0.8617021276595744,0.5826388888888889
329,1.0,0.28541666666666665
330,0.992,0.9986111111111111
331,0.8457446808510638,0.8729166666666667
332,0.8085106382978723,0.7
333,0.7644444444444445,0.63125
334,0.6254545454545455,0.6236111111111111
335,0.8138297872340425,0.5895833333333333
336,1.0,0.4354166666666667
337,0.9197530864197531,1.113888888888889
338,0.7868852459016393,0.5729166666666666
339,0.6516393442622951,0.5902777777777778
340,0.565068493150685,0.6611111111111111
341,0.5810055865921788,0.6083333333333333
342,0.7213114754098361,0.4965277777777778
343,1.0,0.30625
344,0.8518518518518519,1.086111111111111
345,0.7008196721311475,0.6770833333333334
346,0.7622950819672131,0.5625
347,0.6712328767123288,0.65
348,0.5139664804469274,0.50625
349,0.6721311475409836,0.5243055555555556
350,1.0,0.32013888888888886
351,0.8827160493827161,1.0194444444444444
352,0.7254098360655737,0.6916666666666667
353,0.7459016393442623,0.6479166666666667
354,0.6095890410958904,0.5611111111111111
355,0.5279329608938548,0.625
356,0.6639344262295082,0.50625
357,1.0,0.3145833333333333
358,0.9197530864197531,1.132638888888889
359,0.7418032786885246,0.6375
360,0.6598360655737705,0.6388888888888888
361,0.5924657534246576,0.6041666666666666
362,0.5167597765363129,0.6381944444444444
363,0.6967213114754098,0.5152777777777777
364,1.0,0.21388888888888888
365,1.0,0.7534722222222222
366,0.9111111111111111,1.1659722222222222
367,0.9333333333333333,0.6965277777777777
368,0.8888888888888888,0.8263888888888888
369,0.8131313131313131,0.6791666666666667
370,0.9259259259259259,0.6111111111111112
371,1.0,0.2111111111111111
372,1.0,0.8138888888888889
373,0.9629629629629629,1.2069444444444444
374,0.9703703703703703,0.6486111111111111
375,0.8888888888888888,0.8902777777777777
376,0.7272727272727273,0.7034722222222223
377,0.9851851851851852,0.5402777777777777
378,1.0,0.19375
379,1.0,0.8930555555555556
380,0.9851851851851852,1.4354166666666666
381,0.9851851851851852,0.6284722222222222
382,0.9506172839506173,0.6881944444444444
383,0.8939393939393939,0.7180555555555556
384,0.9555555555555556,0.5944444444444444
385,1.0,0.2222222222222222
386,1.0,0.8333333333333334
387,0.9259259259259259,1.3256944444444445
388,0.9555555555555556,0.5465277777777777
389,0.9629629629629629,0.9611111111111111
390,0.7424242424242424,0.7465277777777778
391,0.9555555555555556,0.5611111111111111
392,1.0,0.21875
393,1.0,0.7013888888888888
394,0.9910714285714286,1.0840277777777778
395,1.0,0.7361111111111112
396,0.9185185185185185,0.7736111111111111
397,0.896969696969697,1.0291666666666666
398,1.0,0.5173611111111112
399,1.0,0.22152777777777777
400,1.0,0.5902777777777778
401,0.9642857142857143,1.1319444444444444
402,1.0,0.9041666666666667
403,0.9481481481481482,0.93125
404,0.9333333333333333,0.9715277777777778
405,0.9910714285714286,0.45416666666666666
406,1.0,0.20277777777777778
407,1.0,0.84375
408,0.9910714285714286,1.0256944444444445
409,0.9910714285714286,0.5993055555555555
410,0.9407407407407408,1.1298611111111112
411,0.9090909090909091,0.8958333333333334
412,0.9464285714285714,0.5423611111111111
413,1.0,0.18125
414,1.0,0.6784722222222223
415,1.0,1.086111111111111
416,1.0,0.6770833333333334
417,0.8740740740740741,1.1625
418,0.9090909090909091,0.9534722222222223
419,0.9821428571428571,0.54375
420,1.0,0.22152777777777777
421,1.0,1.0166666666666666
422,0.9777777777777777,1.1298611111111112
423,0.9777777777777777,0.6576388888888889
424,0.9259259259259259,0.9458333333333333
425,0.8535353535353535,0.6868055555555556
426,0.9407407407407408,0.5034722222222222
427,1.0,0.26180555555555557
428,1.0,0.7305555555555555
429,0.8962962962962963,1.2215277777777778
430,0.9481481481481482,0.7291666666666666
431,0.8888888888888888,0.9770833333333333
432,0.8484848484848485,0.6229166666666667
433,0.9407407407407408,0.5194444444444445
434,1.0,0.23333333333333334
435,1.0,0.8423611111111111
436,0.9925925925925926,1.2194444444444446
437,0.9851851851851852,0.7020833333333333
438,0.9197530864197531,0.8854166666666666
439,0.8535353535353535,0.6493055555555556
440,0.9925925925925926,0.5111111111111111
441,1.0,0.22430555555555556
442,1.0,0.8243055555555555
443,0.9851851851851852,1.0791666666666666
444,1.0,1.0020833333333334
445,0.9074074074074074,0.6465277777777778
446,0.797979797979798,0.7763888888888889
447,0.9111111111111111,0.5798611111111112
448,1.0,0.26944444444444443
449,1.0,1.0451388888888888
450,0.9177215189873418,1.0138888888888888
451,0.9177215189873418,0.5638888888888889
452,0.798941798941799,0.8027777777777778
453,0.7575757575757576,0.6798611111111111
454,0.9430379746835443,0.5833333333333334
455,1.0,0.1951388888888889
456,1.0,0.9888888888888889
457,0.9430379746835443,0.9909722222222223
458,0.8354430379746836,0.7881944444444444
459,0.9365079365079365,0.6611111111111111
460,0.7272727272727273,0.7388888888888889
461,0.9367088607594937,0.4930555555555556
462,1.0,0.20833333333333334
463,1.0,0.9340277777777778
464,0.8860759493670886,1.1777777777777778
465,0.8544303797468354,0.6722222222222223
466,0.8095238095238095,0.63125
467,0.7229437229437229,0.65625
468,0.879746835443038,0.6020833333333333
469,1.0,0.2263888888888889
470,0.9523809523809523,1.0993055555555555
471,0.8987341772151899,0.9361111111111111
472,0.9556962025316456,0.6576388888888889
473,0.8306878306878307,0.6444444444444445
474,0.7489177489177489,0.6798611111111111
475,0.8924050632911392,0.5375
476,1.0,0.30277777777777776
477,0.9703703703703703,1.0576388888888888
478,0.7722772277227723,0.9048611111111111
479,0.8366336633663366,0.5923611111111111
480,0.7613168724279835,0.5819444444444445
481,0.6127946127946128,0.6048611111111111
482,0.8217821782178217,0.58125
483,1.0,0.32013888888888886
484,0.9629629629629629,0.8604166666666667
485,0.7277227722772277,1.0104166666666667
486,0.7821782178217822,0.6166666666666667
487,0.7325102880658436,0.6597222222222222
488,0.6666666666666666,0.5284722222222222
489,0.801980198019802,0.5034722222222222
490,1.0,0.31666666666666665
491,1.0,0.9895833333333334
492,0.8217821782178217,0.8263888888888888
493,0.8267326732673267,0.5854166666666667
494,0.6872427983539094,0.7236111111111111
495,0.5959595959595959,0.5340277777777778
496,0.806930693069307,0.5333333333333333
497,1.0,0.34097222222222223
498,0.9555555555555556,1.0416666666666667
499,0.7970297029702971,0.7645833333333333
500,0.7970297029702971,0.5541666666666667
501,0.7119341563786008,0.7118055555555556
502,0.5993265993265994,0.6354166666666666
503,0.7970297029702971,0.49930555555555556
504,1.0,0.125
505,1.0,1.023611111111111
506,0.9777777777777777,0.9479166666666666
507,0.9555555555555556,0.7416666666666667
508,0.9012345679012346,0.7465277777777778
509,0.7929292929292929,0.7291666666666666
510,0.8962962962962963,0.5270833333333333
511,1.0,0.29097222222222224
512,1.0,0.7451388888888889
513,1.0,1.148611111111111
514,0.9925925925925926,0.6423611111111112
515,0.9012345679012346,0.9923611111111111
516,0.7828282828282829,0.6201388888888889
517,0.9925925925925926,0.5041666666666667
518,1.0,0.22916666666666666
519,1.0,0.8840277777777777
520,0.9481481481481482,1.054861111111111
521,0.9481481481481482,0.8111111111111111
522,0.8641975308641975,0.8868055555555555
523,0.7424242424242424,0.6638888888888889
524,0.9851851851851852,0.51875
525,1.0,0.2763888888888889
526,1.0,0.8111111111111111
527,0.8740740740740741,1.2041666666666666
528,0.9407407407407408,0.7736111111111111
529,0.9135802469135802,0.6979166666666666
530,0.7727272727272727,0.6694444444444444
531,0.9703703703703703,0.5895833333333333
532,1.0,0.14097222222222222
533,1.0,0.575
534,1.0,0.8256944444444444
535,1.0,0.9340277777777778
536,1.0,1.0041666666666667
537,0.9696969696969697,1.101388888888889
538,1.0,0.3909722222222222
539,1.0,0.11180555555555556
540,1.0,0.725
541,1.0,1.0534722222222221
542,1.0,0.5756944444444444
543,0.9907407407407407,1.5472222222222223
544,0.9393939393939394,1.4152777777777779
545,0.9888888888888889,0.5180555555555556
546,1.0,0.19722222222222222
547,1.0,0.5458333333333333
548,1.0,1.1715277777777777
549,1.0,0.66875
550,0.9722222222222222,1.24375
551,1.0,0.6659722222222222
552,1.0,0.5270833333333333
553,1.0,0.17847222222222223
554,1.0,0.5652777777777778
555,1.0,1.3590277777777777
556,1.0,0.6479166666666667
557,0.9907407407407407,0.9180555555555555
558,0.9166666666666666,1.2256944444444444
559,1.0,0.3840277777777778
560,1.0,0.5888888888888889
561,0.9533333333333334,1.9638888888888888
562,0.6933333333333334,0.8888888888888888
563,0.7422222222222222,0.6222222222222222
564,0.6518518518518519,0.6590277777777778
565,0.5666666666666667,0.5777777777777777
566,0.6755555555555556,0.5631944444444444
567,1.0,0.4166666666666667
568,0.9533333333333334,1.0
569,0.7333333333333333,0.6673611111111111
570,0.7377777777777778,0.6194444444444445
571,0.7222222222222222,0.6215277777777778
572,0.5424242424242425,0.6305555555555555
573,0.7377777777777778,0.5743055555555555
574,1.0,0.24166666666666667
575,0.9266666666666666,1.14375
576,0.6933333333333334,0.6902777777777778
577,0.7511111111111111,0.5576388888888889
578,0.6555555555555556,0.6576388888888889
579,0.5727272727272728,0.5618055555555556
580,0.7022222222222222,0.5284722222222222
581,1.0,0.2847222222222222
582,0.9666666666666667,0.9763888888888889
583,0.7866666666666666,0.7291666666666666
584,0.7777777777777778,0.64375
585,0.6,0.6194444444444445
586,0.6090909090909091,0.66875
587,0.7866666666666666,0.4479166666666667
588,1.0,0.3638888888888889
589,0.9666666666666667,0.9930555555555556
590,0.8088888888888889,0.8173611111111111
591,0.7822222222222223,0.6034722222222222
592,0.6370370370370371,0.5965277777777778
593,0.5393939393939394,0.6645833333333333
594,0.7555555555555555,0.5430555555555555
595,1.0,0.31875
596,0.9933333333333333,0.8770833333333333
597,0.8088888888888889,0.8326388888888889
598,0.7377777777777778,0.5986111111111111
599,0.6185185185185185,0.5722222222222222
600,0.6,0.55625
601,0.7022222222222222,0.5555555555555556
602,1.0,0.3388888888888889
603,0.9066666666666666,1.1416666666666666
604,0.7777777777777778,0.7027777777777777
605,0.7911111111111111,0.5506944444444445
606,0.6703703703703704,0.6020833333333333
607,0.5333333333333333,0.5423611111111111
608,0.7066666666666667,0.5791666666666667
609,1.0,0.275
610,0.96,1.0180555555555555
611,0.68,0.7555555555555555
612,0.7866666666666666,0.6777777777777778
613,0.6370370370370371,0.6208333333333333
614,0.5121212121212121,0.6166666666666667
615,0.7422222222222222,0.5076388888888889
616,1.0,0.14097222222222222
617,1.0,0.85
618,0.9481481481481482,1.2583333333333333
619,0.9851851851851852,0.6222222222222222
620,0.8148148148148148,0.6833333333333333
621,0.8737373737373737,0.7506944444444444
622,0.9259259259259259,0.43680555555555556
623,1.0,0.23819444444444443
624,1.0,0.9055555555555556
625,0.9407407407407408,1.2354166666666666
626,0.9629629629629629,0.7111111111111111
627,0.9506172839506173,0.9027777777777778
628,0.8434343434343434,0.7118055555555556
629,0.9629629629629629,0.5354166666666667
630,1.0,0.2659722222222222
631,1.0,0.9305555555555556
632,0.9259259259259259,1.0472222222222223
633,0.9629629629629629,0.6756944444444445
634,0.9012345679012346,0.8465277777777778
635,0.8181818181818182,0.6916666666666667
636,0.9851851851851852,0.5013888888888889
637,1.0,0.21875
638,1.0,0.7479166666666667
639,0.9777777777777777,1.2756944444444445
640,0.9629629629629629,0.7076388888888889
641,0.8765432098765432,0.8319444444444445
642,0.8282828282828283,0.5743055555555555
643,0.9629629629629629,0.6486111111111111
644,1.0,0.28125
645,0.9916666666666667,1.1229166666666666
646,0.8333333333333334,0.8645833333333334
647,0.8277777777777777,0.6777777777777778
648,0.8148148148148148,0.6291666666666667
649,0.696969696969697,0.6840277777777778
650,0.9,0.5305555555555556
651,1.0,0.22152777777777777
652,0.9333333333333333,1.1333333333333333
653,0.8277777777777777,0.7902777777777777
654,0.8333333333333334,0.7569444444444444
655,0.7222222222222222,0.6527777777777778
656,0.6931818181818182,0.6041666666666666
657,0.7888888888888889,0.6138888888888889
658,1.0,0.2798611111111111
659,0.9583333333333334,0.9763888888888889
660,0.8055555555555556,0.9805555555555555
661,0.8777777777777778,0.6506944444444445
662,0.75,0.6388888888888888
663,0.7386363636363636,0.6361111111111111
664,0.8722222222222222,0.5534722222222223
665,1.0,0.2465277777777778
666,1.0,0.8916666666666667
667,0.7888888888888889,1.0583333333333333
668,0.8611111111111112,0.6597222222222222
669,0.7453703703703703,0.6347222222222222
670,0.6287878787878788,0.6847222222222222
671,0.8222222222222222,0.5222222222222223
672,1.0,0.3194444444444444
673,0.8266666666666667,1.101388888888889
674,0.7822222222222223,0.6708333333333333
675,0.7288888888888889,0.6555555555555556
676,0.6518518518518519,0.5875
677,0.593939393939394,0.6111111111111112
678,0.7155555555555555,0.5569444444444445
679,1.0,0.33402777777777776
680,0.9666666666666667,1.0847222222222221
681,0.7733333333333333,0.6569444444444444
682,0.6888888888888889,0.6194444444444445
683,0.6851851851851852,0.6479166666666667
684,0.6060606060606061,0.55625
685,0.7022222222222222,0.6055555555555555
686,1.0,0.34652777777777777
687,0.98,1.0131944444444445
688,0.7822222222222223,0.7666666666666667
689,0.7288888888888889,0.5708333333333333
690,0.6703703703703704,0.6645833333333333
691,0.5484848484848485,0.5618055555555556
692,0.7244444444444444,0.5076388888888889
693,1.0,0.3138888888888889
694,0.9533333333333334,0.9805555555555555
695,0.6711111111111111,0.8347222222222223
696,0.72,0.6881944444444444
697,0.6518518518518519,0.60625
698,0.5303030303030303,0.6444444444444445
699,0.7777777777777778,0.4895833333333333
700,1.0,0.4423611111111111
701,0.8461538461538461,0.8951388888888889
702,0.660958904109589,0.6520833333333333
703,0.660958904109589,0.6145833333333334
704,0.5754985754985755,0.5868055555555556
705,0.45454545454545453,0.5493055555555556
706,0.6301369863013698,0.49027777777777776
707,1.0,0.3715277777777778
708,0.7692307692307693,0.9625
709,0.6301369863013698,0.6777777777777778
710,0.5616438356164384,0.6680555555555555
711,0.5270655270655271,0.5819444444444445
712,0.4731934731934732,0.5527777777777778
713,0.6095890410958904,0.49583333333333335
714,1.0,0.3923611111111111
715,0.8512820512820513,0.9680555555555556
716,0.6095890410958904,0.5534722222222223
717,0.6506849315068494,0.5145833333333333
718,0.5327635327635327,0.6173611111111111
719,0.47785547785547783,0.5631944444444444
720,0.5513698630136986,0.51875
721,1.0,0.35833333333333334
722,0.8307692307692308,0.925
723,0.6404109589041096,0.6458333333333334
724,0.613013698630137,0.5625
725,0.5555555555555556,0.6173611111111111
726,0.40559440559440557,0.5472222222222223
727,0.6746575342465754,0.5409722222222222
728,1.0,0.18819444444444444
729,1.0,0.7368055555555556
730,0.9111111111111111,1.1465277777777778
731,0.9333333333333333,0.6888888888888889
732,0.8888888888888888,0.8263888888888888
733,0.8131313131313131,0.6791666666666667
734,0.9259259259259259,0.6111111111111112
735,1.0,0.2111111111111111
736,1.0,0.8138888888888889
737,0.9629629629629629,1.2069444444444444
738,0.9703703703703703,0.6486111111111111
739,0.8888888888888888,0.8902777777777777
740,0.7272727272727273,0.7034722222222223
741,0.9851851851851852,0.5402777777777777
742,1.0,0.19375
743,1.0,0.8930555555555556
744,0.9851851851851852,1.4354166666666666
745,0.9851851851851852,0.6284722222222222
746,0.9506172839506173,0.6881944444444444
747,0.8939393939393939,0.7180555555555556
748,0.9555555555555556,0.5944444444444444
749,1.0,0.2222222222222222
750,1.0,0.8333333333333334
751,0.9259259259259259,1.3256944444444445
752,0.9555555555555556,0.5465277777777777
753,0.9629629629629629,0.9611111111111111
754,0.7424242424242424,0.7465277777777778
755,0.9555555555555556,0.5611111111111111
756,1.0,0.21875
757,1.0,0.7013888888888888
758,0.9910714285714286,1.0840277777777778
759,1.0,0.7361111111111112
760,0.9185185185185185,0.7736111111111111
761,0.896969696969697,1.0291666666666666
762,1.0,0.5173611111111112
763,1.0,0.22152777777777777
764,1.0,0.5902777777777778
765,0.9642857142857143,1.1319444444444444
766,1.0,0.9041666666666667
767,0.9481481481481482,0.93125
768,0.9333333333333333,0.9715277777777778
769,0.9910714285714286,0.45416666666666666
770,1.0,0.20277777777777778
771,1.0,0.84375
772,0.9910714285714286,1.0256944444444445
773,0.9910714285714286,0.5993055555555555
774,0.9407407407407408,1.1298611111111112
775,0.9090909090909091,0.8958333333333334
776,0.9464285714285714,0.5423611111111111
777,1.0,0.18125
778,1.0,0.6784722222222223
779,1.0,1.086111111111111
780,1.0,0.6770833333333334
781,0.8740740740740741,1.1625
782,0.9090909090909091,0.9534722222222223
783,0.9821428571428571,0.54375
784,1.0,0.22152777777777777
785,1.0,1.0166666666666666
786,0.9777777777777777,1.1298611111111112
787,0.9777777777777777,0.6576388888888889
788,0.9259259259259259,0.9458333333333333
789,0.8535353535353535,0.6868055555555556
790,0.9407407407407408,0.5034722222222222
791,1.0,0.26180555555555557
792,1.0,0.7305555555555555
793,0.8962962962962963,1.2215277777777778
794,0.9481481481481482,0.7291666666666666
795,0.8888888888888888,0.9770833333333333
796,0.8484848484848485,0.6229166666666667
797,0.9407407407407408,0.5194444444444445
798,1.0,0.23333333333333334
799,1.0,0.8423611111111111
800,0.9925925925925926,1.2194444444444446
801,0.9851851851851852,0.7020833333333333
802,0.9197530864197531,0.8854166666666666
803,0.8535353535353535,0.6493055555555556
804,0.9925925925925926,0.5111111111111111
805,1.0,0.22430555555555556
806,1.0,0.8243055555555555
807,0.9851851851851852,1.0791666666666666
808,1.0,1.0020833333333334
809,0.9074074074074074,0.6465277777777778
810,0.797979797979798,0.7763888888888889
811,0.9111111111111111,0.5798611111111112
812,1.0,0.26944444444444443
813,1.0,1.0451388888888888
814,0.9177215189873418,1.0138888888888888
815,0.9177215189873418,0.5638888888888889
816,0.798941798941799,0.8027777777777778
817,0.7575757575757576,0.6798611111111111
818,0.9430379746835443,0.5833333333333334
819,1.0,0.1951388888888889
820,1.0,0.9888888888888889
821,0.9430379746835443,0.9909722222222223
822,0.8354430379746836,0.7881944444444444
823,0.9365079365079365,0.6611111111111111
824,0.7272727272727273,0.7388888888888889
825,0.9367088607594937,0.4930555555555556
826,1.0,0.20833333333333334
827,1.0,0.9340277777777778
828,0.8860759493670886,1.1777777777777778
829,0.8544303797468354,0.6722222222222223
830,0.8095238095238095,0.63125
831,0.7229437229437229,0.65625
832,0.879746835443038,0.6020833333333333
833,1.0,0.2263888888888889
834,0.9523809523809523,1.0993055555555555
835,0.8987341772151899,0.9361111111111111
836,0.9556962025316456,0.6576388888888889
837,0.8306878306878307,0.6444444444444445
838,0.7489177489177489,0.6798611111111111
839,0.8924050632911392,0.5375
840,1.0,0.30277777777777776
841,0.9703703703703703,1.0576388888888888
842,0.7722772277227723,0.9048611111111111
843,0.8366336633663366,0.5923611111111111
844,0.7613168724279835,0.5819444444444445
845,0.6127946127946128,0.6048611111111111
846,0.8217821782178217,0.58125
847,1.0,0.32013888888888886
848,0.9629629629629629,0.8604166666666667
849,0.7277227722772277,1.0104166666666667
850,0.7821782178217822,0.6166666666666667
851,0.7325102880658436,0.6597222222222222
852,0.6666666666666666,0.5284722222222222
853,0.801980198019802,0.5034722222222222
854,1.0,0.31666666666666665
855,1.0,0.9895833333333334
856,0.8217821782178217,0.8263888888888888
857,0.8267326732673267,0.5854166666666667
858,0.6872427983539094,0.7236111111111111
859,0.5959595959595959,0.5340277777777778
860,0.806930693069307,0.5333333333333333
861,1.0,0.34097222222222223
862,0.9555555555555556,1.0416666666666667
863,0.7970297029702971,0.7645833333333333
864,0.7970297029702971,0.5541666666666667
865,0.7119341563786008,0.7118055555555556
866,0.5993265993265994,0.6354166666666666
867,0.7970297029702971,0.49930555555555556
868,1.0,0.125
869,1.0,1.023611111111111
870,0.9777777777777777,0.9479166666666666
871,0.9555555555555556,0.7416666666666667
872,0.9012345679012346,0.7465277777777778
873,0.7929292929292929,0.7291666666666666
874,0.8962962962962963,0.5270833333333333
875,1.0,0.29097222222222224
876,1.0,0.7451388888888889
877,1.0,1.148611111111111
878,0.9925925925925926,0.6423611111111112
879,0.9012345679012346,0.9923611111111111
880,0.7828282828282829,0.6201388888888889
881,0.9925925925925926,0.5041666666666667
882,1.0,0.22916666666666666
883,1.0,0.8840277777777777
884,0.9481481481481482,1.054861111111111
885,0.9481481481481482,0.8111111111111111
886,0.8641975308641975,0.8868055555555555
887,0.7424242424242424,0.6638888888888889
888,0.9851851851851852,0.51875
889,1.0,0.2763888888888889
890,1.0,0.8111111111111111
891,0.8740740740740741,1.2041666666666666
892,0.9407407407407408,0.7736111111111111
893,0.9135802469135802,0.6979166666666666
894,0.7727272727272727,0.6694444444444444
895,0.9703703703703703,0.5895833333333333
896,1.0,0.14097222222222222
897,1.0,0.575
898,1.0,0.8256944444444444
899,1.0,0.9340277777777778
900,1.0,1.0041666666666667
901,0.9696969696969697,1.101388888888889
902,1.0,0.3909722222222222
903,1.0,0.11180555555555556
904,1.0,0.725
905,1.0,1.0534722222222221
906,1.0,0.5756944444444444
907,0.9907407407407407,1.5472222222222223
908,0.9393939393939394,1.4152777777777779
909,0.9888888888888889,0.5180555555555556
910,1.0,0.19722222222222222
911,1.0,0.5458333333333333
912,1.0,1.1715277777777777
913,1.0,0.66875
914,0.9722222222222222,1.24375
915,1.0,0.6659722222222222
916,1.0,0.5270833333333333
917,1.0,0.17847222222222223
918,1.0,0.5652777777777778
919,1.0,1.3590277777777777
920,1.0,0.6479166666666667
921,0.9907407407407407,0.9180555555555555
922,0.9166666666666666,1.2256944444444444
923,1.0,0.3840277777777778
924,1.0,0.5888888888888889
925,0.9533333333333334,1.9638888888888888
926,0.6933333333333334,0.8888888888888888
927,0.7422222222222222,0.6222222222222222
928,0.6518518518518519,0.6590277777777778
929,0.5666666666666667,0.5777777777777777
930,0.6755555555555556,0.5631944444444444
931,1.0,0.4166666666666667
932,0.9533333333333334,1.0
933,0.7333333333333333,0.6673611111111111
934,0.7377777777777778,0.6194444444444445
935,0.7222222222222222,0.6215277777777778
936,0.5424242424242425,0.6305555555555555
937,0.7377777777777778,0.5743055555555555
938,1.0,0.24166666666666667
939,0.9266666666666666,1.14375
940,0.6933333333333334,0.6902777777777778
941,0.7511111111111111,0.5576388888888889
942,0.6555555555555556,0.6576388888888889
943,0.5727272727272728,0.5618055555555556
944,0.7022222222222222,0.5284722222222222
945,1.0,0.2847222222222222
946,0.9666666666666667,0.9763888888888889
947,0.7866666666666666,0.7291666666666666
948,0.7777777777777778,0.64375
949,0.6,0.6194444444444445
950,0.6090909090909091,0.66875
951,0.7866666666666666,0.4479166666666667
952,1.0,0.3638888888888889
953,0.9666666666666667,0.9930555555555556
954,0.8088888888888889,0.8173611111111111
955,0.7822222222222223,0.6034722222222222
956,0.6370370370370371,0.5965277777777778
957,0.5393939393939394,0.6645833333333333
958,0.7555555555555555,0.5430555555555555
959,1.0,0.31875
960,0.9933333333333333,0.8770833333333333
961,0.8088888888888889,0.8326388888888889
962,0.7377777777777778,0.5986111111111111
963,0.6185185185185185,0.5722222222222222
964,0.6,0.55625
965,0.7022222222222222,0.5555555555555556
966,1.0,0.3388888888888889
967,0.9066666666666666,1.1416666666666666
968,0.7777777777777778,0.7027777777777777
969,0.7911111111111111,0.5506944444444445
970,0.6703703703703704,0.6020833333333333
971,0.5333333333333333,0.5423611111111111
972,0.7066666666666667,0.5791666666666667
973,1.0,0.275
974,0.96,1.0180555555555555
975,0.68,0.7555555555555555
976,0.7866666666666666,0.6777777777777778
977,0.6370370370370371,0.6208333333333333
978,0.5121212121212121,0.6166666666666667
979,0.7422222222222222,0.5076388888888889
980,1.0,0.14097222222222222
981,1.0,0.85
982,0.9481481481481482,1.2583333333333333
983,0.9851851851851852,0.6222222222222222
984,0.8148148148148148,0.6833333333333333
985,0.8737373737373737,0.7506944444444444
986,0.9259259259259259,0.43680555555555556
987,1.0,0.23819444444444443
988,1.0,0.9055555555555556
989,0.9407407407407408,1.2354166666666666
990,0.9629629629629629,0.7111111111111111
991,0.9506172839506173,0.9027777777777778
992,0.8434343434343434,0.7118055555555556
993,0.9629629629629629,0.5354166666666667
994,1.0,0.2659722222222222
995,1.0,0.9305555555555556
996,0.9259259259259259,1.0472222222222223
997,0.9629629629629629,0.6756944444444445
998,0.9012345679012346,0.8465277777777778
999,0.8181818181818182,0.6916666666666667
1000,0.9851851851851852,0.5013888888888889
1001,1.0,0.21875
1002,1.0,0.7479166666666667
1003,0.9777777777777777,1.2756944444444445
1004,0.9629629629629629,0.7076388888888889
1005,0.8765432098765432,0.8319444444444445
1006,0.8282828282828283,0.5743055555555555
1007,0.9629629629629629,0.6486111111111111
1008,1.0,0.28125
1009,0.9916666666666667,1.1229166666666666
1010,0.8333333333333334,0.8645833333333334
1011,0.8277777777777777,0.6777777777777778
1012,0.8148148148148148,0.6291666666666667
1013,0.696969696969697,0.6840277777777778
1014,0.9,0.5305555555555556
1015,1.0,0.22152777777777777
1016,0.9333333333333333,1.1333333333333333
1017,0.8277777777777777,0.7902777777777777
1018,0.8333333333333334,0.7569444444444444
1019,0.7222222222222222,0.6527777777777778
1020,0.6931818181818182,0.6041666666666666
1021,0.7888888888888889,0.6138888888888889
1022,1.0,0.2798611111111111
1023,0.9583333333333334,0.9763888888888889
1024,0.8055555555555556,0.9805555555555555
1025,0.8777777777777778,0.6506944444444445
1026,0.75,0.6388888888888888
1027,0.7386363636363636,0.6361111111111111
1028,0.8722222222222222,0.5534722222222223
1029,1.0,0.2465277777777778
1030,1.0,0.8916666666666667
1031,0.7888888888888889,1.0583333333333333
1032,0.8611111111111112,0.6597222222222222
1033,0.7453703703703703,0.6347222222222222
1034,0.6287878787878788,0.6847222222222222
1035,0.8222222222222222,0.5222222222222223
1036,1.0,0.3194444444444444
1037,0.8266666666666667,1.101388888888889
1038,0.7822222222222223,0.6708333333333333
1039,0.7288888888888889,0.6555555555555556
1040,0.6518518518518519,0.5875
1041,0.593939393939394,0.6111111111111112
1042,0.7155555555555555,0.5569444444444445
1043,1.0,0.33402777777777776
1044,0.9666666666666667,1.0847222222222221
1045,0.7733333333333333,0.6569444444444444
1046,0.6888888888888889,0.6194444444444445
1047,0.6851851851851852,0.6479166666666667
1048,0.6060606060606061,0.55625
1049,0.7022222222222222,0.6055555555555555
1050,1.0,0.34652777777777777
1051,0.98,1.0131944444444445
1052,0.7822222222222223,0.7666666666666667
1053,0.7288888888888889,0.5708333333333333
1054,0.6703703703703704,0.6645833333333333
1055,0.5484848484848485,0.5618055555555556
1056,0.7244444444444444,0.5076388888888889
1057,1.0,0.3138888888888889
1058,0.9533333333333334,0.9805555555555555
1059,0.6711111111111111,0.8347222222222223
1060,0.72,0.6881944444444444
1061,0.6518518518518519,0.60625
1062,0.5303030303030303,0.6444444444444445
1063,0.7777777777777778,0.4895833333333333
1064,1.0,0.4423611111111111
1065,0.8461538461538461,0.8951388888888889
1066,0.660958904109589,0.6520833333333333
1067,0.660958904109589,0.6145833333333334
1068,0.5754985754985755,0.5868055555555556
1069,0.45454545454545453,0.5493055555555556
1070,0.6301369863013698,0.49027777777777776
1071,1.0,0.3715277777777778
1072,0.7692307692307693,0.9625
1073,0.6301369863013698,0.6777777777777778
1074,0.5616438356164384,0.6680555555555555
1075,0.5270655270655271,0.5819444444444445
1076,0.4731934731934732,0.5527777777777778
1077,0.6095890410958904,0.49583333333333335
1078,1.0,0.3923611111111111
1079,0.8512820512820513,0.9680555555555556
1080,0.6095890410958904,0.5534722222222223
1081,0.6506849315068494,0.5145833333333333
1082,0.5327635327635327,0.6173611111111111
1083,0.47785547785547783,0.5631944444444444
1084,0.5513698630136986,0.51875
1085,1.0,0.35833333333333334
1086,0.8307692307692308,0.925
1087,0.6404109589041096,0.6458333333333334
1088,0.613013698630137,0.5625
1089,0.5555555555555556,0.6173611111111111
1090,0.40559440559440557,0.5472222222222223
1091,0.6746575342465754,0.5409722222222222
1092,1.0,0.18819444444444444
1093,1.0,0.7368055555555556
1094,0.9111111111111111,1.1465277777777778
1095,0.9333333333333333,0.6888888888888889
1096,0.8888888888888888,0.8263888888888888
1097,0.8131313131313131,0.6791666666666667
1098,0.9259259259259259,0.6111111111111112
1099,1.0,0.2111111111111111
1100,1.0,0.8138888888888889
1101,0.9629629629629629,1.2069444444444444
1102,0.9703703703703703,0.6486111111111111
1103,0.8888888888888888,0.8902777777777777
1104,0.7272727272727273,0.7034722222222223
1105,0.9851851851851852,0.5402777777777777
1106,1.0,0.19375
1107,1.0,0.8930555555555556
1108,0.9851851851851852,1.4354166666666666
1109,0.9851851851851852,0.6284722222222222
1110,0.9506172839506173,0.6881944444444444
1111,0.8939393939393939,0.7180555555555556
1112,0.9555555555555556,0.5944444444444444
1113,1.0,0.2222222222222222
1114,1.0,0.8333333333333334
1115,0.9259259259259259,1.3256944444444445
1116,0.9555555555555556,0.5465277777777777
1117,0.9629629629629629,0.9611111111111111
1118,0.7424242424242424,0.7465277777777778
1119,0.9555555555555556,0.5611111111111111
1120,1.0,0.21875
1121,1.0,0.7013888888888888
1122,0.9910714285714286,1.0840277777777778
1123,1.0,0.7361111111111112
1124,0.9185185185185185,0.7736111111111111
1125,0.896969696969697,1.0291666666666666
1126,1.0,0.5173611111111112
1127,1.0,0.22152777777777777
1128,1.0,0.5902777777777778
1129,0.9642857142857143,1.1319444444444444
1130,1.0,0.9041666666666667
1131,0.9481481481481482,0.93125
1132,0.9333333333333333,0.9715277777777778
1133,0.9910714285714286,0.45416666666666666
1134,1.0,0.20277777777777778
1135,1.0,0.84375
1136,0.9910714285714286,1.0256944444444445
1137,0.9910714285714286,0.5993055555555555
1138,0.9407407407407408,1.1298611111111112
1139,0.9090909090909091,0.8958333333333334
1140,0.9464285714285714,0.5423611111111111
1141,1.0,0.18125
1142,1.0,0.6784722222222223
1143,1.0,1.086111111111111
1144,1.0,0.6770833333333334
1145,0.8740740740740741,1.1625
1146,0.9090909090909091,0.9534722222222223
1147,0.9821428571428571,0.54375
1148,1.0,0.22152777777777777
1149,1.0,1.0166666666666666
1150,0.9777777777777777,1.1298611111111112
1151,0.9777777777777777,0.6576388888888889
1152,0.9259259259259259,0.9458333333333333
1153,0.8535353535353535,0.6868055555555556
1154,0.9407407407407408,0.5034722222222222
1155,1.0,0.26180555555555557
1156,1.0,0.7305555555555555
1157,0.8962962962962963,1.2215277777777778
1158,0.9481481481481482,0.7291666666666666
1159,0.8888888888888888,0.9770833333333333
1160,0.8484848484848485,0.6229166666666667
1161,0.9407407407407408,0.5194444444444445
1162,1.0,0.23333333333333334
1163,1.0,0.8423611111111111
1164,0.9925925925925926,1.2194444444444446
1165,0.9851851851851852,0.7020833333333333
1166,0.9197530864197531,0.8854166666666666
1167,0.8535353535353535,0.6493055555555556
1168,0.9925925925925926,0.5111111111111111
1169,1.0,0.22430555555555556
1170,1.0,0.8243055555555555
1171,0.9851851851851852,1.0791666666666666
1172,1.0,1.0020833333333334
1173,0.9074074074074074,0.6465277777777778
1174,0.797979797979798,0.7763888888888889
1175,0.9111111111111111,0.5798611111111112
1176,1.0,0.26944444444444443
1177,1.0,1.0451388888888888
1178,0.9177215189873418,1.0138888888888888
1179,0.9177215189873418,0.5638888888888889
1180,0.798941798941799,0.8027777777777778
1181,0.7575757575757576,0.6798611111111111
1182,0.9430379746835443,0.5833333333333334
1183,1.0,0.1951388888888889
1184,1.0,0.9888888888888889
1185,0.9430379746835443,0.9909722222222223
1186,0.8354430379746836,0.7881944444444444
1187,0.9365079365079365,0.6611111111111111
1188,0.7272727272727273,0.7388888888888889
1189,0.9367088607594937,0.4930555555555556
1190,1.0,0.20833333333333334
1191,1.0,0.9340277777777778
1192,0.8860759493670886,1.1777777777777778
1193,0.8544303797468354,0.6722222222222223
1194,0.8095238095238095,0.63125
1195,0.7229437229437229,0.65625
1196,0.879746835443038,0.6020833333333333
1197,1.0,0.2263888888888889
1198,0.9523809523809523,1.0993055555555555
1199,0.8987341772151899,0.9361111111111111
1200,0.9556962025316456,0.6576388888888889
1201,0.8306878306878307,0.6444444444444445
1202,0.7489177489177489,0.6798611111111111
1203,0.8924050632911392,0.5375
1204,1.0,0.30277777777777776
1205,0.9703703703703703,1.0576388888888888
1206,0.7722772277227723,0.9048611111111111
1207,0.8366336633663366,0.5923611111111111
1208,0.7613168724279835,0.5819444444444445
1209,0.6127946127946128,0.6048611111111111
1210,0.8217821782178217,0.58125
1211,1.0,0.32013888888888886
1212,0.9629629629629629,0.8604166666666667
1213,0.7277227722772277,1.0104166666666667
1214,0.7821782178217822,0.6166666666666667
1215,0.7325102880658436,0.6597222222222222
1216,0.6666666666666666,0.5284722222222222
1217,0.801980198019802,0.5034722222222222
1218,1.0,0.31666666666666665
1219,1.0,0.9895833333333334
1220,0.8217821782178217,0.8263888888888888
1221,0.8267326732673267,0.5854166666666667
1222,0.6872427983539094,0.7236111111111111
1223,0.5959595959595959,0.5340277777777778
1224,0.806930693069307,0.5333333333333333
1225,1.0,0.34097222222222223
1226,0.9555555555555556,1.0416666666666667
1227,0.7970297029702971,0.7645833333333333
1228,0.7970297029702971,0.5541666666666667
1229,0.7119341563786008,0.7118055555555556
1230,0.5993265993265994,0.6354166666666666
1231,0.7970297029702971,0.49930555555555556
1232,1.0,0.125
1233,1.0,1.023611111111111
1234,0.9777777777777777,0.9479166666666666
1235,0.9555555555555556,0.7416666666666667
1236,0.9012345679012346,0.7465277777777778
1237,0.7929292929292929,0.7291666666666666
1238,0.8962962962962963,0.5270833333333333
1239,1.0,0.29097222222222224
1240,1.0,0.7451388888888889
1241,1.0,1.148611111111111
1242,0.9925925925925926,0.6423611111111112
1243,0.9012345679012346,0.9923611111111111
1244,0.7828282828282829,0.6201388888888889
1245,0.9925925925925926,0.5041666666666667
1246,1.0,0.22916666666666666
1247,1.0,0.8840277777777777
1248,0.9481481481481482,1.054861111111111
1249,0.9481481481481482,0.8111111111111111
1250,0.8641975308641975,0.8868055555555555
1251,0.7424242424242424,0.6638888888888889
1252,0.9851851851851852,0.51875
1253,1.0,0.2763888888888889
1254,1.0,0.8111111111111111
1255,0.8740740740740741,1.2041666666666666
1256,0.9407407407407408,0.7736111111111111
1257,0.9135802469135802,0.6979166666666666
1258,0.7727272727272727,0.6694444444444444
1259,0.9703703703703703,0.5895833333333333
1260,1.0,0.14097222222222222
1261,1.0,0.575
1262,1.0,0.8256944444444444
1263,1.0,0.9340277777777778
1264,1.0,1.0041666666666667
1265,0.9696969696969697,1.101388888888889
1266,1.0,0.3909722222222222
1267,1.0,0.11180555555555556
1268,1.0,0.725
1269,1.0,1.0534722222222221
1270,1.0,0.5756944444444444
1271,0.9907407407407407,1.5472222222222223
1272,0.9393939393939394,1.4152777777777779
1273,0.9888888888888889,0.5180555555555556
1274,1.0,0.19722222222222222
1275,1.0,0.5458333333333333
1276,1.0,1.1715277777777777
1277,1.0,0.66875
1278,0.9722222222222222,1.24375
1279,1.0,0.6659722222222222
1280,1.0,0.5270833333333333
1281,1.0,0.17847222222222223
1282,1.0,0.5652777777777778
1283,1.0,1.3590277777777777
1284,1.0,0.6479166666666667
1285,0.9907407407407407,0.9180555555555555
1286,0.9166666666666666,1.2256944444444444
1287,1.0,0.3840277777777778
1288,1.0,0.5888888888888889
1289,0.9533333333333334,1.9638888888888888
1290,0.6933333333333334,0.8888888888888888
1291,0.7422222222222222,0.6222222222222222
1292,0.6518518518518519,0.6590277777777778
1293,0.5666666666666667,0.5777777777777777
1294,0.6755555555555556,0.5631944444444444
1295,1.0,0.4166666666666667
1296,0.9533333333333334,1.0
1297,0.7333333333333333,0.6673611111111111
1298,0.7377777777777778,0.6194444444444445
1299,0.7222222222222222,0.6215277777777778
1300,0.5424242424242425,0.6305555555555555
1301,0.7377777777777778,0.5743055555555555
1302,1.0,0.24166666666666667
1303,0.9266666666666666,1.14375
1304,0.6933333333333334,0.6902777777777778
1305,0.7511111111111111,0.5576388888888889
1306,0.6555555555555556,0.6576388888888889
1307,0.5727272727272728,0.5618055555555556
1308,0.7022222222222222,0.5284722222222222
1309,1.0,0.2847222222222222
1310,0.9666666666666667,0.9763888888888889
1311,0.7866666666666666,0.7291666666666666
1312,0.7777777777777778,0.64375
1313,0.6,0.6194444444444445
1314,0.6090909090909091,0.66875
1315,0.7866666666666666,0.4479166666666667
1316,1.0,0.3638888888888889
1317,0.9666666666666667,0.9930555555555556
1318,0.8088888888888889,0.8173611111111111
1319,0.7822222222222223,0.6034722222222222
1320,0.6370370370370371,0.5965277777777778
1321,0.5393939393939394,0.6645833333333333
1322,0.7555555555555555,0.5430555555555555
1323,1.0,0.31875
1324,0.9933333333333333,0.8770833333333333
1325,0.8088888888888889,0.8326388888888889
1326,0.7377777777777778,0.5986111111111111
1327,0.6185185185185185,0.5722222222222222
1328,0.6,0.55625
1329,0.7022222222222222,0.5555555555555556
1330,1.0,0.3388888888888889
1331,0.9066666666666666,1.1416666666666666
1332,0.7777777777777778,0.7027777777777777
1333,0.7911111111111111,0.5506944444444445
1334,0.6703703703703704,0.6020833333333333
1335,0.5333333333333333,0.5423611111111111
1336,0.7066666666666667,0.5791666666666667
1337,1.0,0.275
1338,0.96,1.0180555555555555
1339,0.68,0.7555555555555555
1340,0.7866666666666666,0.6777777777777778
1341,0.6370370370370371,0.6208333333333333
1342,0.5121212121212121,0.6166666666666667
1343,0.7422222222222222,0.5076388888888889
1344,1.0,0.14097222222222222
1345,1.0,0.85
1346,0.9481481481481482,1.2583333333333333
1347,0.9851851851851852,0.6222222222222222
1348,0.8148148148148148,0.6833333333333333
1349,0.8737373737373737,0.7506944444444444
1350,0.9259259259259259,0.43680555555555556
1351,1.0,0.23819444444444443
1352,1.0,0.9055555555555556
1353,0.9407407407407408,1.2354166666666666
1354,0.9629629629629629,0.7111111111111111
1355,0.9506172839506173,0.9027777777777778
1356,0.8434343434343434,0.7118055555555556
1357,0.9629629629629629,0.5354166666666667
1358,1.0,0.2659722222222222
1359,1.0,0.9305555555555556
1360,0.9259259259259259,1.0472222222222223
1361,0.9629629629629629,0.6756944444444445
1362,0.9012345679012346,0.8465277777777778
1363,0.8181818181818182,0.6916666666666667
1364,0.9851851851851852,0.5013888888888889
1365,1.0,0.21875
1366,1.0,0.7479166666666667
1367,0.9777777777777777,1.2756944444444445
1368,0.9629629629629629,0.7076388888888889
1369,0.8765432098765432,0.8319444444444445
1370,0.8282828282828283,0.5743055555555555
1371,0.9629629629629629,0.6486111111111111
1372,1.0,0.28125
1373,0.9916666666666667,1.1229166666666666
1374,0.8333333333333334,0.8645833333333334
1375,0.8277777777777777,0.6777777777777778
1376,0.8148148148148148,0.6291666666666667
1377,0.696969696969697,0.6840277777777778
1378,0.9,0.5305555555555556
1379,1.0,0.22152777777777777
1380,0.9333333333333333,1.1333333333333333
1381,0.8277777777777777,0.7902777777777777
1382,0.8333333333333334,0.7569444444444444
1383,0.7222222222222222,0.6527777777777778
1384,0.6931818181818182,0.6041666666666666
1385,0.7888888888888889,0.6138888888888889
1386,1.0,0.2798611111111111
1387,0.9583333333333334,0.9763888888888889
1388,0.8055555555555556,0.9805555555555555
1389,0.8777777777777778,0.6506944444444445
1390,0.75,0.6388888888888888
1391,0.7386363636363636,0.6361111111111111
1392,0.8722222222222222,0.5534722222222223
1393,1.0,0.2465277777777778
1394,1.0,0.8916666666666667
1395,0.7888888888888889,1.0583333333333333
1396,0.8611111111111112,0.6597222222222222
1397,0.7453703703703703,0.6347222222222222
1398,0.6287878787878788,0.6847222222222222
1399,0.8222222222222222,0.5222222222222223
1400,1.0,0.3194444444444444
1401,0.8266666666666667,1.101388888888889
1402,0.7822222222222223,0.6708333333333333
1403,0.7288888888888889,0.6555555555555556
1404,0.6518518518518519,0.5875
1405,0.593939393939394,0.6111111111111112
1406,0.7155555555555555,0.5569444444444445
1407,1.0,0.33402777777777776
1408,0.9666666666666667,1.0847222222222221
1409,0.7733333333333333,0.6569444444444444
1410,0.6888888888888889,0.6194444444444445
1411,0.6851851851851852,0.6479166666666667
1412,0.6060606060606061,0.55625
1413,0.7022222222222222,0.6055555555555555
1414,1.0,0.34652777777777777
1415,0.98,1.0131944444444445
1416,0.7822222222222223,0.7666666666666667
1417,0.7288888888888889,0.5708333333333333
1418,0.6703703703703704,0.6645833333333333
1419,0.5484848484848485,0.5618055555555556
1420,0.7244444444444444,0.5076388888888889
1421,1.0,0.3138888888888889
1422,0.9533333333333334,0.9805555555555555
1423,0.6711111111111111,0.8347222222222223
1424,0.72,0.6881944444444444
1425,0.6518518518518519,0.60625
1426,0.5303030303030303,0.6444444444444445
1427,0.7777777777777778,0.4895833333333333
1428,1.0,0.4423611111111111
1429,0.8461538461538461,0.8951388888888889
1430,0.660958904109589,0.6520833333333333
1431,0.660958904109589,0.6145833333333334
1432,0.5754985754985755,0.5868055555555556
1433,0.45454545454545453,0.5493055555555556
1434,0.6301369863013698,0.49027777777777776
1435,1.0,0.3715277777777778
1436,0.7692307692307693,0.9625
1437,0.6301369863013698,0.6777777777777778
1438,0.5616438356164384,0.6680555555555555
1439,0.5270655270655271,0.5819444444444445
1440,0.4731934731934732,0.5527777777777778
1441,0.6095890410958904,0.49583333333333335
1442,1.0,0.3923611111111111
1443,0.8512820512820513,0.9680555555555556
1444,0.6095890410958904,0.5534722222222223
1445,0.6506849315068494,0.5145833333333333
1446,0.5327635327635327,0.6173611111111111
1447,0.47785547785547783,0.5631944444444444
1448,0.5513698630136986,0.51875
1449,1.0,0.35833333333333334
1450,0.8307692307692308,0.925
1451,0.6404109589041096,0.6458333333333334
1452,0.613013698630137,0.5625
1453,0.5555555555555556,0.6173611111111111
1454,0.40559440559440557,0.5472222222222223
1455,0.6746575342465754,0.5409722222222222
1456,1.0,0.18819444444444444
1457,1.0,0.7368055555555556
1458,0.9111111111111111,1.1465277777777778
1459,0.9333333333333333,0.6888888888888889
1460,0.8888888888888888,0.8263888888888888
1461,0.8131313131313131,0.6791666666666667
1462,0.9259259259259259,0.6111111111111112
1463,1.0,0.2111111111111111
1464,1.0,0.8138888888888889
1465,0.9629629629629629,1.2069444444444444
1466,0.9703703703703703,0.6486111111111111
1467,0.8888888888888888,0.8902777777777777
1468,0.7272727272727273,0.7034722222222223
1469,0.9851851851851852,0.5402777777777777
1470,1.0,0.19375
1471,1.0,0.8930555555555556
1472,0.9851851851851852,1.4354166666666666
1473,0.9851851851851852,0.6284722222222222
1474,0.9506172839506173,0.6881944444444444
1475,0.8939393939393939,0.7180555555555556
1476,0.9555555555555556,0.5944444444444444
1477,1.0,0.2222222222222222
1478,1.0,0.8333333333333334
1479,0.9259259259259259,1.3256944444444445
1480,0.9555555555555556,0.5465277777777777
1481,0.9629629629629629,0.9611111111111111
1482,0.7424242424242424,0.7465277777777778
1483,0.9555555555555556,0.5611111111111111
1484,1.0,0.21875
1485,1.0,0.7013888888888888
1486,0.9910714285714286,1.0840277777777778
1487,1.0,0.7361111111111112
1488,0.9185185185185185,0.7736111111111111
1489,0.896969696969697,1.0291666666666666
1490,1.0,0.5173611111111112
1491,1.0,0.22152777777777777
1492,1.0,0.5902777777777778
1493,0.9642857142857143,1.1319444444444444
1494,1.0,0.9041666666666667
1495,0.9481481481481482,0.93125
1496,0.9333333333333333,0.9715277777777778
1497,0.9910714285714286,0.45416666666666666
1498,1.0,0.20277777777777778
1499,1.0,0.84375
1500,0.9910714285714286,1.0256944444444445
1501,0.9910714285714286,0.5993055555555555
1502,0.9407407407407408,1.1298611111111112
1503,0.9090909090909091,0.8958333333333334
1504,0.9464285714285714,0.5423611111111111
1505,1.0,0.18125
1506,1.0,0.6784722222222223
1507,1.0,1.086111111111111
1508,1.0,0.6770833333333334
1509,0.8740740740740741,1.1625
1510,0.9090909090909091,0.9534722222222223
1511,0.9821428571428571,0.54375
1512,1.0,0.22152777777777777
1513,1.0,1.0166666666666666
1514,0.9777777777777777,1.1298611111111112
1515,0.9777777777777777,0.6576388888888889
1516,0.9259259259259259,0.9458333333333333
1517,0.8535353535353535,0.6868055555555556
1518,0.9407407407407408,0.5034722222222222
1519,1.0,0.26180555555555557
1520,1.0,0.7305555555555555
1521,0.8962962962962963,1.2215277777777778
1522,0.9481481481481482,0.7291666666666666
1523,0.8888888888888888,0.9770833333333333
1524,0.8484848484848485,0.6229166666666667
1525,0.9407407407407408,0.5194444444444445
1526,1.0,0.23333333333333334
1527,1.0,0.8423611111111111
1528,0.9925925925925926,1.2194444444444446
1529,0.9851851851851852,0.7020833333333333
1530,0.9197530864197531,0.8854166666666666
1531,0.8535353535353535,0.6493055555555556
1532,0.9925925925925926,0.5111111111111111
1533,1.0,0.22430555555555556
1534,1.0,0.8243055555555555
1535,0.9851851851851852,1.0791666666666666
1536,1.0,1.0020833333333334
1537,0.9074074074074074,0.6465277777777778
1538,0.797979797979798,0.7763888888888889
1539,0.9111111111111111,0.5798611111111112
1540,1.0,0.26944444444444443
1541,1.0,1.0451388888888888
1542,0.9177215189873418,1.0138888888888888
1543,0.9177215189873418,0.5638888888888889
1544,0.798941798941799,0.8027777777777778
1545,0.7575757575757576,0.6798611111111111
1546,0.9430379746835443,0.5833333333333334
1547,1.0,0.1951388888888889
1548,1.0,0.9888888888888889
1549,0.9430379746835443,0.9909722222222223
1550,0.8354430379746836,0.7881944444444444
1551,0.9365079365079365,0.6611111111111111
1552,0.7272727272727273,0.7388888888888889
1553,0.9367088607594937,0.4930555555555556
1554,1.0,0.20833333333333334
1555,1.0,0.9340277777777778
1556,0.8860759493670886,1.1777777777777778
1557,0.8544303797468354,0.6722222222222223
1558,0.8095238095238095,0.63125
1559,0.7229437229437229,0.65625
1560,0.879746835443038,0.6020833333333333
1561,1.0,0.2263888888888889
1562,0.9523809523809523,1.0993055555555555
1563,0.8987341772151899,0.9361111111111111
1564,0.9556962025316456,0.6576388888888889
1565,0.8306878306878307,0.6444444444444445
1566,0.7489177489177489,0.6798611111111111
1567,0.8924050632911392,0.5375
1568,1.0,0.30277777777777776
1569,0.9703703703703703,1.0576388888888888
1570,0.7722772277227723,0.9048611111111111
1571,0.8366336633663366,0.5923611111111111
1572,0.7613168724279835,0.5819444444444445
1573,0.6127946127946128,0.6048611111111111
1574,0.8217821782178217,0.58125
1575,1.0,0.32013888888888886
1576,0.9629629629629629,0.8604166666666667
1577,0.7277227722772277,1.0104166666666667
1578,0.7821782178217822,0.6166666666666667
1579,0.7325102880658436,0.6597222222222222
1580,0.6666666666666666,0.5284722222222222
1581,0.801980198019802,0.5034722222222222
1582,1.0,0.31666666666666665
1583,1.0,0.9895833333333334
1584,0.8217821782178217,0.8263888888888888
1585,0.8267326732673267,0.5854166666666667
1586,0.6872427983539094,0.7236111111111111
1587,0.5959595959595959,0.5340277777777778
1588,0.806930693069307,0.5333333333333333
1589,1.0,0.34097222222222223
1590,0.9555555555555556,1.0416666666666667
1591,0.7970297029702971,0.7645833333333333
1592,0.7970297029702971,0.5541666666666667
1593,0.7119341563786008,0.7118055555555556
1594,0.5993265993265994,0.6354166666666666
1595,0.7970297029702971,0.49930555555555556
1596,1.0,0.125
1597,1.0,1.023611111111111
1598,0.9777777777777777,0.9479166666666666
1599,0.9555555555555556,0.7416666666666667
1600,0.9012345679012346,0.7465277777777778
1601,0.7929292929292929,0.7291666666666666
1602,0.8962962962962963,0.5270833333333333
1603,1.0,0.29097222222222224
1604,1.0,0.7451388888888889
1605,1.0,1.148611111111111
1606,0.9925925925925926,0.6423611111111112
1607,0.9012345679012346,0.9923611111111111
1608,0.7828282828282829,0.6201388888888889
1609,0.9925925925925926,0.5041666666666667
1610,1.0,0.22916666666666666
1611,1.0,0.8840277777777777
1612,0.9481481481481482,1.054861111111111
1613,0.9481481481481482,0.8111111111111111
1614,0.8641975308641975,0.8868055555555555
1615,0.7424242424242424,0.6638888888888889
1616,0.9851851851851852,0.51875
1617,1.0,0.2763888888888889
1618,1.0,0.8111111111111111
1619,0.8740740740740741,1.2041666666666666
1620,0.9407407407407408,0.7736111111111111
1621,0.9135802469135802,0.6979166666666666
1622,0.7727272727272727,0.6694444444444444
1623,0.9703703703703703,0.5895833333333333
1624,1.0,0.14097222222222222
1625,1.0,0.575
1626,1.0,0.8256944444444444
1627,1.0,0.9340277777777778
1628,1.0,1.0041666666666667
1629,0.9696969696969697,1.101388888888889
1630,1.0,0.3909722222222222
1631,1.0,0.11180555555555556
1632,1.0,0.725
1633,1.0,1.0534722222222221
1634,1.0,0.5756944444444444
1635,0.9907407407407407,1.5472222222222223
1636,0.9393939393939394,1.4152777777777779
1637,0.9888888888888889,0.5180555555555556
1638,1.0,0.19722222222222222
1639,1.0,0.5458333333333333
1640,1.0,1.1715277777777777
1641,1.0,0.66875
1642,0.9722222222222222,1.24375
1643,1.0,0.6659722222222222
1644,1.0,0.5270833333333333
1645,1.0,0.17847222222222223
1646,1.0,0.5652777777777778
1647,1.0,1.3590277777777777
1648,1.0,0.6479166666666667
1649,0.9907407407407407,0.9180555555555555
1650,0.9166666666666666,1.2256944444444444
1651,1.0,0.3840277777777778
1652,1.0,0.5888888888888889
1653,0.9533333333333334,1.9638888888888888
1654,0.6933333333333334,0.8888888888888888
1655,0.7422222222222222,0.6222222222222222
1656,0.6518518518518519,0.6590277777777778
1657,0.5666666666666667,0.5777777777777777
1658,0.6755555555555556,0.5631944444444444
1659,1.0,0.4166666666666667
1660,0.9533333333333334,1.0
1661,0.7333333333333333,0.6673611111111111
1662,0.7377777777777778,0.6194444444444445
1663,0.7222222222222222,0.6215277777777778
1664,0.5424242424242425,0.6305555555555555
1665,0.7377777777777778,0.5743055555555555
1666,1.0,0.24166666666666667
1667,0.9266666666666666,1.14375
1668,0.6933333333333334,0.6902777777777778
1669,0.7511111111111111,0.5576388888888889
1670,0.6555555555555556,0.6576388888888889
1671,0.5727272727272728,0.5618055555555556
1672,0.7022222222222222,0.5284722222222222
1673,1.0,0.2847222222222222
1674,0.9666666666666667,0.9763888888888889
1675,0.7866666666666666,0.7291666666666666
1676,0.7777777777777778,0.64375
1677,0.6,0.6194444444444445
1678,0.6090909090909091,0.66875
1679,0.7866666666666666,0.4479166666666667
1680,1.0,0.3638888888888889
1681,0.9666666666666667,0.9930555555555556
1682,0.8088888888888889,0.8173611111111111
1683,0.7822222222222223,0.6034722222222222
1684,0.6370370370370371,0.5965277777777778
1685,0.5393939393939394,0.6645833333333333
1686,0.7555555555555555,0.5430555555555555
1687,1.0,0.31875
1688,0.9933333333333333,0.8770833333333333
1689,0.8088888888888889,0.8326388888888889
1690,0.7377777777777778,0.5986111111111111
1691,0.6185185185185185,0.5722222222222222
1692,0.6,0.55625
1693,0.7022222222222222,0.5555555555555556
1694,1.0,0.3388888888888889
1695,0.9066666666666666,1.1416666666666666
1696,0.7777777777777778,0.7027777777777777
1697,0.7911111111111111,0.5506944444444445
1698,0.6703703703703704,0.6020833333333333
1699,0.5333333333333333,0.5423611111111111
1700,0.7066666666666667,0.5791666666666667
1701,1.0,0.275
1702,0.96,1.0180555555555555
1703,0.68,0.7555555555555555
1704,0.7866666666666666,0.6777777777777778
1705,0.6370370370370371,0.6208333333333333
1706,0.5121212121212121,0.6166666666666667
1707,0.7422222222222222,0.5076388888888889
1708,1.0,0.14097222222222222
1709,1.0,0.85
1710,0.9481481481481482,1.2583333333333333
1711,0.9851851851851852,0.6222222222222222
1712,0.8148148148148148,0.6833333333333333
1713,0.8737373737373737,0.7506944444444444
1714,0.9259259259259259,0.43680555555555556
1715,1.0,0.23819444444444443
1716,1.0,0.9055555555555556
1717,0.9407407407407408,1.2354166666666666
1718,0.9629629629629629,0.7111111111111111
1719,0.9506172839506173,0.9027777777777778
1720,0.8434343434343434,0.7118055555555556
1721,0.9629629629629629,0.5354166666666667
1722,1.0,0.2659722222222222
1723,1.0,0.9305555555555556
1724,0.9259259259259259,1.0472222222222223
1725,0.9629629629629629,0.6756944444444445
1726,0.9012345679012346,0.8465277777777778
1727,0.8181818181818182,0.6916666666666667
1728,0.9851851851851852,0.5013888888888889
1729,1.0,0.21875
1730,1.0,0.7479166666666667
1731,0.9777777777777777,1.2756944444444445
1732,0.9629629629629629,0.7076388888888889
1733,0.8765432098765432,0.8319444444444445
1734,0.8282828282828283,0.5743055555555555
1735,0.9629629629629629,0.6486111111111111
1736,1.0,0.28125
1737,0.9916666666666667,1.1229166666666666
1738,0.8333333333333334,0.8645833333333334
1739,0.8277777777777777,0.6777777777777778
1740,0.8148148148148148,0.6291666666666667
1741,0.696969696969697,0.6840277777777778
1742,0.9,0.5305555555555556
1743,1.0,0.22152777777777777
1744,0.9333333333333333,1.1333333333333333
1745,0.8277777777777777,0.7902777777777777
1746,0.8333333333333334,0.7569444444444444
1747,0.7222222222222222,0.6527777777777778
1748,0.6931818181818182,0.6041666666666666
1749,0.7888888888888889,0.6138888888888889
1750,1.0,0.2798611111111111
1751,0.9583333333333334,0.9763888888888889
1752,0.8055555555555556,0.9805555555555555
1753,0.8777777777777778,0.6506944444444445
1754,0.75,0.6388888888888888
1755,0.7386363636363636,0.6361111111111111
1756,0.8722222222222222,0.5534722222222223
1757,1.0,0.2465277777777778
1758,1.0,0.8916666666666667
1759,0.7888888888888889,1.0583333333333333
1760,0.8611111111111112,0.6597222222222222
1761,0.7453703703703703,0.6347222222222222
1762,0.6287878787878788,0.6847222222222222
1763,0.8222222222222222,0.5222222222222223
1764,1.0,0.3194444444444444
1765,0.8266666666666667,1.101388888888889
1766,0.7822222222222223,0.6708333333333333
1767,0.7288888888888889,0.6555555555555556
1768,0.6518518518518519,0.5875
1769,0.593939393939394,0.6111111111111112
1770,0.7155555555555555,0.5569444444444445
1771,1.0,0.33402777777777776
1772,0.9666666666666667,1.0847222222222221
1773,0.7733333333333333,0.6569444444444444
1774,0.6888888888888889,0.6194444444444445
1775,0.6851851851851852,0.6479166666666667
1776,0.6060606060606061,0.55625
1777,0.7022222222222222,0.6055555555555555
1778,1.0,0.34652777777777777
1779,0.98,1.0131944444444445
1780,0.7822222222222223,0.7666666666666667
1781,0.7288888888888889,0.5708333333333333
1782,0.6703703703703704,0.6645833333333333
1783,0.5484848484848485,0.5618055555555556
1784,0.7244444444444444,0.5076388888888889
1785,1.0,0.3138888888888889
1786,0.9533333333333334,0.9805555555555555
1787,0.6711111111111111,0.8347222222222223
1788,0.72,0.6881944444444444
1789,0.6518518518518519,0.60625
1790,0.5303030303030303,0.6444444444444445
1791,0.7777777777777778,0.4895833333333333
1792,1.0,0.4423611111111111
1793,0.8461538461538461,0.8951388888888889
1794,0.660958904109589,0.6520833333333333
1795,0.660958904109589,0.6145833333333334
1796,0.5754985754985755,0.5868055555555556
1797,0.45454545454545453,0.5493055555555556
1798,0.6301369863013698,0.49027777777777776
1799,1.0,0.3715277777777778
1800,0.7692307692307693,0.9625
1801,0.6301369863013698,0.6777777777777778
1802,0.5616438356164384,0.6680555555555555
1803,0.5270655270655271,0.5819444444444445
1804,0.4731934731934732,0.5527777777777778
1805,0.6095890410958904,0.49583333333333335
1806,1.0,0.3923611111111111
1807,0.8512820512820513,0.9680555555555556
1808,0.6095890410958904,0.5534722222222223
1809,0.6506849315068494,0.5145833333333333
1810,0.5327635327635327,0.6173611111111111
1811,0.47785547785547783,0.5631944444444444
1812,0.5513698630136986,0.51875
1813,1.0,0.35833333333333334
1814,0.8307692307692308,0.925
1815,0.6404109589041096,0.6458333333333334
1816,0.613013698630137,0.5625
1817,0.5555555555555556,0.6173611111111111
1818,0.40559440559440557,0.5472222222222223
1819,0.6746575342465754,0.5409722222222222
